arm,delta_exact,h@0.0,h@0.05,h@0.1
clean,0.387500,2.300000,2.300000,2.600000
noise,0.325000,2.000000,2.000000,2.800000
self_forcing,0.379167,2.000000,2.000000,2.200000
