arm,onestep_acc,h@0.0,h@0.05,h@0.1
flat,0.673139,0.000000,0.000000,0.000000
graph,0.838188,0.000000,0.000000,0.000000
graph+noise,0.828479,0.000000,0.000000,0.000000
