{
  "per_action": {
    "open": {
      "accuracy": 0.5523012552301255,
      "n": 478.0
    },
    "fork": {
      "accuracy": 0.9321266968325792,
      "n": 442.0
    },
    "write": {
      "accuracy": 0.35697399527186763,
      "n": 423.0
    },
    "exit": {
      "accuracy": 1.0,
      "n": 66.0
    },
    "close": {
      "accuracy": 0.957983193277311,
      "n": 119.0
    },
    "setuid": {
      "accuracy": 0.7083333333333334,
      "n": 72.0
    }
  },
  "dimension": {
    "proc_drift": 0.0,
    "fd_drift": 0.25833333333333336,
    "fs_drift": 0.32222222222222224,
    "n": 360.0
  }
}
