label,params,structure_gap,content_gap
xs,1024,0.250000,0.600000
l,49152,0.200000,0.275000
