task,grounded,free,advantage
robust,0.420000,0.420000,0.000000
sensitive,0.410000,0.420000,-0.010000
